{"cameraMode":{"drawMode":0,"name":"Shaded","section":"Shading Mode"},"sceneLighting":true,"audioPlay":false,"sceneViewState":{"showFog":true,"showMaterialUpdate":false,"showSkybox":true,"showFlares":true,"showImageEffects":true,"showParticleSystems":true},"in2DMode":false,"pivot":{"x":146.33335876464845,"y":12.452102661132813,"z":218.76806640625},"rotation":{"x":0.23266001045703889,"y":0.0890817940235138,"z":-0.021357625722885133,"w":0.9682695865631104},"size":38.03762435913086,"orthographic":false}